{"providers":[{"chars":["ꐛ"],"file":"required/recipe_showcase.png","ascent":40,"height":164,"type":"bitmap"},{"chars":["ꐝ"],"file":"required/ui/menu_items_gems.png","ascent":37,"height":256,"type":"bitmap"},{"chars":["ꐣ"],"file":"required/null.png","ascent":-32768,"height":-34,"type":"bitmap"},{"chars":["ꐦ"],"file":"required/null.png","ascent":-32768,"height":-258,"type":"bitmap"},{"chars":["ꐓ"],"file":"default/chat/lord_tag.png","ascent":9,"height":10,"type":"bitmap"},{"chars":["ꐙ"],"file":"required/logo.png","ascent":20,"height":36,"type":"bitmap"},{"chars":["ꐑ"],"file":"default/chat/explorer_tag.png","ascent":9,"height":10,"type":"bitmap"},{"chars":["ꐧ"],"file":"required/null.png","ascent":-32768,"height":-514,"type":"bitmap"},{"chars":["ꐨ"],"file":"required/null.png","ascent":-32768,"height":-1026,"type":"bitmap"},{"chars":["ꐡ"],"file":"required/null.png","ascent":-32768,"height":-10,"type":"bitmap"},{"chars":["ꐞ"],"file":"required/null.png","ascent":-32768,"height":-3,"type":"bitmap"},{"chars":["ꐟ"],"file":"required/null.png","ascent":-32768,"height":-4,"type":"bitmap"},{"chars":["ꐔ"],"file":"default/chat/prince_tag.png","ascent":9,"height":10,"type":"bitmap"},{"chars":["ꐕ"],"file":"default/chat/king_tag.png","ascent":9,"height":10,"type":"bitmap"},{"chars":["ꐠ"],"file":"required/null.png","ascent":-32768,"height":-6,"type":"bitmap"},{"chars":["ꐚ"],"file":"required/ui/menu_banner.png","ascent":-14,"height":256,"type":"bitmap"},{"chars":["ꐢ"],"file":"required/null.png","ascent":-32768,"height":-18,"type":"bitmap"},{"chars":["ꐗ"],"file":"default/chat/god_tag.png","ascent":9,"height":10,"type":"bitmap"},{"chars":["ꐘ"],"file":"default/chat/heart.png","ascent":8,"height":8,"type":"bitmap"},{"chars":["ꐖ"],"file":"default/chat/hero_tag.png","ascent":9,"height":10,"type":"bitmap"},{"chars":["ꐤ"],"file":"required/null.png","ascent":-32768,"height":-66,"type":"bitmap"},{"chars":["ꐐ"],"file":"default/chat/farmer_tag.png","ascent":9,"height":10,"type":"bitmap"},{"chars":["ꐒ"],"file":"default/chat/knight_tag.png","ascent":9,"height":10,"type":"bitmap"},{"chars":["ꐜ"],"file":"required/ui/menu_items.png","ascent":37,"height":256,"type":"bitmap"},{"chars":["ꐥ"],"file":"required/null.png","ascent":-32768,"height":-130,"type":"bitmap"}]}